Name,TimestampMS,EntryType,HPDrainRate,CircleSize,OverallDifficulty,ApproachRate,HitObjectType,HitSound,SliderEndTimeMS,Repeats,SliderTickRate,BreakEndTimeMS,Uninherited,BeatLength,Meter,Effects,AudioBeatStrength
Row_0,4790,Timing Point,6.0,4.0,8.0,9.3,0,0,0,0,0,0,1,363.636363636364,4,0,0
Row_1,4790,Timing Point,6.0,4.0,8.0,9.3,0,0,0,0,0,0,0,-133.333333333333,4,0,0
Row_2,4790,Hit Object,6.0,4.0,8.0,9.3,6,0,4971,1,1.0,0,0,0,0,0,0
Row_3,5153,Hit Object,6.0,4.0,8.0,9.3,2,0,5334,1,1.0,0,0,0,0,0,0
Row_4,5517,Hit Object,6.0,4.0,8.0,9.3,1,2,0,0,1.0,0,0,0,0,0,0
Row_5,5699,Hit Object,6.0,4.0,8.0,9.3,1,0,0,0,1.0,0,0,0,0,0,0
Row_6,5880,Hit Object,6.0,4.0,8.0,9.3,5,0,0,0,1.0,0,0,0,0,0,0
Row_7,6062,Hit Object,6.0,4.0,8.0,9.3,1,0,0,0,1.0,0,0,0,0,0,0
Row_8,6244,Hit Object,6.0,4.0,8.0,9.3,5,2,0,0,1.0,0,0,0,0,0,0
Row_9,6426,Hit Object,6.0,4.0,8.0,9.3,1,0,0,0,1.0,0,0,0,0,0,0
Row_10,6608,Hit Object,6.0,4.0,8.0,9.3,2,0,6789,1,1.0,0,0,0,0,0,0
Row_11,6971,Hit Object,6.0,4.0,8.0,9.3,2,0,7152,1,1.0,0,0,0,0,0,0
Row_12,7335,Hit Object,6.0,4.0,8.0,9.3,2,0,7516,1,1.0,0,0,0,0,0,0
Row_13,7699,Hit Object,6.0,4.0,8.0,9.3,5,2,0,0,1.0,0,0,0,0,0,0
Row_14,7880,Hit Object,6.0,4.0,8.0,9.3,1,0,0,0,1.0,0,0,0,0,0,0
Row_15,8062,Hit Object,6.0,4.0,8.0,9.3,2,0,8243,1,1.0,0,0,0,0,0,0
Row_16,8426,Hit Object,6.0,4.0,8.0,9.3,2,0,8607,1,1.0,0,0,0,0,0,0
Row_17,8790,Hit Object,6.0,4.0,8.0,9.3,5,2,0,0,1.0,0,0,0,0,0,0
Row_18,8971,Hit Object,6.0,4.0,8.0,9.3,1,0,0,0,1.0,0,0,0,0,0,0
Row_19,9153,Hit Object,6.0,4.0,8.0,9.3,1,2,0,0,1.0,0,0,0,0,0,0
Row_20,9335,Hit Object,6.0,4.0,8.0,9.3,1,0,0,0,1.0,0,0,0,0,0,0
Row_21,9517,Hit Object,6.0,4.0,8.0,9.3,6,0,9698,1,1.0,0,0,0,0,0,0
Row_22,9880,Hit Object,6.0,4.0,8.0,9.3,1,2,0,0,1.0,0,0,0,0,0,0
Row_23,10062,Hit Object,6.0,4.0,8.0,9.3,1,0,0,0,1.0,0,0,0,0,0,0
Row_24,10244,Hit Object,6.0,4.0,8.0,9.3,1,2,0,0,1.0,0,0,0,0,0,0
Row_25,10608,Hit Object,6.0,4.0,8.0,9.3,6,0,10789,1,1.0,0,0,0,0,0,0
Row_26,10971,Hit Object,6.0,4.0,8.0,9.3,2,0,11152,1,1.0,0,0,0,0,0,0
Row_27,11335,Hit Object,6.0,4.0,8.0,9.3,1,2,0,0,1.0,0,0,0,0,0,0
Row_28,11517,Hit Object,6.0,4.0,8.0,9.3,1,0,0,0,1.0,0,0,0,0,0,0
Row_29,11699,Hit Object,6.0,4.0,8.0,9.3,5,0,0,0,1.0,0,0,0,0,0,0
Row_30,11881,Hit Object,6.0,4.0,8.0,9.3,1,0,0,0,1.0,0,0,0,0,0,0
Row_31,12062,Hit Object,6.0,4.0,8.0,9.3,5,2,0,0,1.0,0,0,0,0,0,0
Row_32,12244,Hit Object,6.0,4.0,8.0,9.3,1,0,0,0,1.0,0,0,0,0,0,0
Row_33,12426,Hit Object,6.0,4.0,8.0,9.3,2,0,12607,1,1.0,0,0,0,0,0,0
Row_34,12790,Hit Object,6.0,4.0,8.0,9.3,2,0,12971,1,1.0,0,0,0,0,0,0
Row_35,13153,Hit Object,6.0,4.0,8.0,9.3,2,0,13334,1,1.0,0,0,0,0,0,0
Row_36,13517,Hit Object,6.0,4.0,8.0,9.3,37,2,0,0,1.0,0,0,0,0,0,0
Row_37,13699,Hit Object,6.0,4.0,8.0,9.3,1,0,0,0,1.0,0,0,0,0,0,0
Row_38,13880,Hit Object,6.0,4.0,8.0,9.3,1,2,0,0,1.0,0,0,0,0,0,0
Row_39,14244,Hit Object,6.0,4.0,8.0,9.3,21,2,0,0,1.0,0,0,0,0,0,0
Row_40,14426,Hit Object,6.0,4.0,8.0,9.3,1,0,0,0,1.0,0,0,0,0,0,0
Row_41,14608,Hit Object,6.0,4.0,8.0,9.3,37,2,0,0,1.0,0,0,0,0,0,0
Row_42,14790,Hit Object,6.0,4.0,8.0,9.3,1,0,0,0,1.0,0,0,0,0,0,0
Row_43,14971,Hit Object,6.0,4.0,8.0,9.3,21,2,0,0,1.0,0,0,0,0,0,0
Row_44,15153,Hit Object,6.0,4.0,8.0,9.3,1,0,0,0,1.0,0,0,0,0,0,0
Row_45,15335,Hit Object,6.0,4.0,8.0,9.3,1,2,0,0,1.0,0,0,0,0,0,0
Row_46,15517,Hit Object,6.0,4.0,8.0,9.3,1,0,0,0,1.0,0,0,0,0,0,0
Row_47,15699,Hit Object,6.0,4.0,8.0,9.3,1,2,0,0,1.0,0,0,0,0,0,0
Row_48,16426,Timing Point,6.0,4.0,8.0,9.3,0,0,0,0,0,0,0,-117.647058823529,4,0,0
Row_49,16426,Hit Object,6.0,4.0,8.0,9.3,5,10,0,0,1.0,0,0,0,0,0,0
Row_50,16608,Hit Object,6.0,4.0,8.0,9.3,1,0,0,0,1.0,0,0,0,0,0,0
Row_51,16790,Hit Object,6.0,4.0,8.0,9.3,2,0,16971,1,1.0,0,0,0,0,0,0
Row_52,17153,Hit Object,6.0,4.0,8.0,9.3,1,10,0,0,1.0,0,0,0,0,0,0
Row_53,17335,Hit Object,6.0,4.0,8.0,9.3,1,0,0,0,1.0,0,0,0,0,0,0
Row_54,17517,Hit Object,6.0,4.0,8.0,9.3,5,10,0,0,1.0,0,0,0,0,0,0
Row_55,17699,Hit Object,6.0,4.0,8.0,9.3,1,0,0,0,1.0,0,0,0,0,0,0
Row_56,17880,Hit Object,6.0,4.0,8.0,9.3,5,10,0,0,1.0,0,0,0,0,0,0
Row_57,18062,Hit Object,6.0,4.0,8.0,9.3,1,0,0,0,1.0,0,0,0,0,0,0
Row_58,18244,Hit Object,6.0,4.0,8.0,9.3,1,10,0,0,1.0,0,0,0,0,0,0
Row_59,18607,Hit Object,6.0,4.0,8.0,9.3,5,10,0,0,1.0,0,0,0,0,0,0
Row_60,18789,Hit Object,6.0,4.0,8.0,9.3,1,8,0,0,1.0,0,0,0,0,0,0
Row_61,18971,Hit Object,6.0,4.0,8.0,9.3,1,10,0,0,1.0,0,0,0,0,0,0
Row_62,19335,Hit Object,6.0,4.0,8.0,9.3,5,10,0,0,1.0,0,0,0,0,0,0
Row_63,19517,Hit Object,6.0,4.0,8.0,9.3,1,0,0,0,1.0,0,0,0,0,0,0
Row_64,19699,Hit Object,6.0,4.0,8.0,9.3,2,0,19880,1,1.0,0,0,0,0,0,0
Row_65,20062,Hit Object,6.0,4.0,8.0,9.3,1,10,0,0,1.0,0,0,0,0,0,0
Row_66,20244,Hit Object,6.0,4.0,8.0,9.3,1,0,0,0,1.0,0,0,0,0,0,0
Row_67,20426,Hit Object,6.0,4.0,8.0,9.3,1,10,0,0,1.0,0,0,0,0,0,0
Row_68,20608,Hit Object,6.0,4.0,8.0,9.3,1,0,0,0,1.0,0,0,0,0,0,0
Row_69,20790,Hit Object,6.0,4.0,8.0,9.3,6,0,20971,1,1.0,0,0,0,0,0,0
Row_70,21153,Hit Object,6.0,4.0,8.0,9.3,1,10,0,0,1.0,0,0,0,0,0,0
Row_71,21335,Hit Object,6.0,4.0,8.0,9.3,1,0,0,0,1.0,0,0,0,0,0,0
Row_72,21517,Hit Object,6.0,4.0,8.0,9.3,1,10,0,0,1.0,0,0,0,0,0,0
Row_73,21699,Hit Object,6.0,4.0,8.0,9.3,1,8,0,0,1.0,0,0,0,0,0,0
Row_74,21880,Hit Object,6.0,4.0,8.0,9.3,1,10,0,0,1.0,0,0,0,0,0,0
Row_75,22062,Hit Object,6.0,4.0,8.0,9.3,1,8,0,0,1.0,0,0,0,0,0,0
Row_76,22244,Hit Object,6.0,4.0,8.0,9.3,6,0,22425,1,1.0,0,0,0,0,0,0
Row_77,22608,Hit Object,6.0,4.0,8.0,9.3,2,0,22789,1,1.0,0,0,0,0,0,0
Row_78,22971,Hit Object,6.0,4.0,8.0,9.3,1,10,0,0,1.0,0,0,0,0,0,0
Row_79,23153,Hit Object,6.0,4.0,8.0,9.3,1,0,0,0,1.0,0,0,0,0,0,0
Row_80,23335,Hit Object,6.0,4.0,8.0,9.3,5,10,0,0,1.0,0,0,0,0,0,0
Row_81,23517,Hit Object,6.0,4.0,8.0,9.3,1,0,0,0,1.0,0,0,0,0,0,0
Row_82,23699,Hit Object,6.0,4.0,8.0,9.3,5,10,0,0,1.0,0,0,0,0,0,0
Row_83,23880,Hit Object,6.0,4.0,8.0,9.3,1,0,0,0,1.0,0,0,0,0,0,0
Row_84,24062,Hit Object,6.0,4.0,8.0,9.3,2,0,24243,1,1.0,0,0,0,0,0,0
Row_85,24426,Hit Object,6.0,4.0,8.0,9.3,5,10,0,0,1.0,0,0,0,0,0,0
Row_86,24608,Hit Object,6.0,4.0,8.0,9.3,1,8,0,0,1.0,0,0,0,0,0,0
Row_87,24790,Hit Object,6.0,4.0,8.0,9.3,1,10,0,0,1.0,0,0,0,0,0,0
Row_88,25153,Hit Object,6.0,4.0,8.0,9.3,5,10,0,0,1.0,0,0,0,0,0,0
Row_89,25335,Hit Object,6.0,4.0,8.0,9.3,1,0,0,0,1.0,0,0,0,0,0,0
Row_90,25517,Hit Object,6.0,4.0,8.0,9.3,1,8,0,0,1.0,0,0,0,0,0,0
Row_91,25699,Hit Object,6.0,4.0,8.0,9.3,1,10,0,0,1.0,0,0,0,0,0,0
Row_92,25880,Hit Object,6.0,4.0,8.0,9.3,5,10,0,0,1.0,0,0,0,0,0,0
Row_93,26061,Hit Object,6.0,4.0,8.0,9.3,1,0,0,0,1.0,0,0,0,0,0,0
Row_94,26243,Hit Object,6.0,4.0,8.0,9.3,1,10,0,0,1.0,0,0,0,0,0,0
Row_95,26425,Hit Object,6.0,4.0,8.0,9.3,1,0,0,0,1.0,0,0,0,0,0,0
Row_96,26608,Hit Object,6.0,4.0,8.0,9.3,5,10,0,0,1.0,0,0,0,0,0,0
Row_97,26790,Hit Object,6.0,4.0,8.0,9.3,1,8,0,0,1.0,0,0,0,0,0,0
Row_98,26971,Hit Object,6.0,4.0,8.0,9.3,1,10,0,0,1.0,0,0,0,0,0,0
Row_99,27153,Hit Object,6.0,4.0,8.0,9.3,1,0,0,0,1.0,0,0,0,0,0,0
Row_100,27335,Hit Object,6.0,4.0,8.0,9.3,37,10,0,0,1.0,0,0,0,0,0,0
Row_101,27517,Hit Object,6.0,4.0,8.0,9.3,1,8,0,0,1.0,0,0,0,0,0,0
Row_102,27699,Hit Object,6.0,4.0,8.0,9.3,1,8,0,0,1.0,0,0,0,0,0,0
Row_103,28062,Timing Point,6.0,4.0,8.0,9.3,0,0,0,0,0,0,0,-105.263157894737,4,0,0
Row_104,28062,Hit Object,6.0,4.0,8.0,9.3,5,12,0,0,1.0,0,0,0,0,0,0
Row_105,28244,Hit Object,6.0,4.0,8.0,9.3,1,0,0,0,1.0,0,0,0,0,0,0
Row_106,28426,Hit Object,6.0,4.0,8.0,9.3,1,8,0,0,1.0,0,0,0,0,0,0
Row_107,28608,Hit Object,6.0,4.0,8.0,9.3,1,0,0,0,1.0,0,0,0,0,0,0
Row_108,28790,Hit Object,6.0,4.0,8.0,9.3,5,8,0,0,1.0,0,0,0,0,0,0
Row_109,28971,Hit Object,6.0,4.0,8.0,9.3,1,0,0,0,1.0,0,0,0,0,0,0
Row_110,29153,Hit Object,6.0,4.0,8.0,9.3,1,8,0,0,1.0,0,0,0,0,0,0
Row_111,29335,Hit Object,6.0,4.0,8.0,9.3,1,0,0,0,1.0,0,0,0,0,0,0
Row_112,29517,Hit Object,6.0,4.0,8.0,9.3,5,8,0,0,1.0,0,0,0,0,0,0
Row_113,29699,Hit Object,6.0,4.0,8.0,9.3,1,0,0,0,1.0,0,0,0,0,0,0
Row_114,29880,Hit Object,6.0,4.0,8.0,9.3,1,8,0,0,1.0,0,0,0,0,0,0
Row_115,30062,Hit Object,6.0,4.0,8.0,9.3,1,0,0,0,1.0,0,0,0,0,0,0
Row_116,30244,Hit Object,6.0,4.0,8.0,9.3,5,8,0,0,1.0,0,0,0,0,0,0
Row_117,30426,Hit Object,6.0,4.0,8.0,9.3,1,8,0,0,1.0,0,0,0,0,0,0
Row_118,30608,Hit Object,6.0,4.0,8.0,9.3,5,8,0,0,1.0,0,0,0,0,0,0
Row_119,30790,Hit Object,6.0,4.0,8.0,9.3,1,8,0,0,1.0,0,0,0,0,0,0
Row_120,30971,Hit Object,6.0,4.0,8.0,9.3,6,0,31152,1,1.0,0,0,0,0,0,0
Row_121,31335,Hit Object,6.0,4.0,8.0,9.3,2,0,31516,1,1.0,0,0,0,0,0,0
Row_122,31699,Hit Object,6.0,4.0,8.0,9.3,2,0,31880,1,1.0,0,0,0,0,0,0
Row_123,32062,Hit Object,6.0,4.0,8.0,9.3,2,0,32243,1,1.0,0,0,0,0,0,0
Row_124,32426,Hit Object,6.0,4.0,8.0,9.3,5,8,0,0,1.0,0,0,0,0,0,0
Row_125,32608,Hit Object,6.0,4.0,8.0,9.3,1,0,0,0,1.0,0,0,0,0,0,0
Row_126,32790,Hit Object,6.0,4.0,8.0,9.3,1,8,0,0,1.0,0,0,0,0,0,0
Row_127,32971,Hit Object,6.0,4.0,8.0,9.3,1,0,0,0,1.0,0,0,0,0,0,0
Row_128,33153,Hit Object,6.0,4.0,8.0,9.3,1,8,0,0,1.0,0,0,0,0,0,0
Row_129,33243,Hit Object,6.0,4.0,8.0,9.3,1,8,0,0,1.0,0,0,0,0,0,0
Row_130,33334,Hit Object,6.0,4.0,8.0,9.3,1,8,0,0,1.0,0,0,0,0,0,0
Row_131,33517,Hit Object,6.0,4.0,8.0,9.3,1,8,0,0,1.0,0,0,0,0,0,0
Row_132,33607,Hit Object,6.0,4.0,8.0,9.3,1,8,0,0,1.0,0,0,0,0,0,0
Row_133,33698,Hit Object,6.0,4.0,8.0,9.3,1,8,0,0,1.0,0,0,0,0,0,0
Row_134,33880,Hit Object,6.0,4.0,8.0,9.3,5,8,0,0,1.0,0,0,0,0,0,0
Row_135,34062,Hit Object,6.0,4.0,8.0,9.3,1,0,0,0,1.0,0,0,0,0,0,0
Row_136,34244,Hit Object,6.0,4.0,8.0,9.3,1,8,0,0,1.0,0,0,0,0,0,0
Row_137,34426,Hit Object,6.0,4.0,8.0,9.3,1,0,0,0,1.0,0,0,0,0,0,0
Row_138,34608,Hit Object,6.0,4.0,8.0,9.3,1,8,0,0,1.0,0,0,0,0,0,0
Row_139,34699,Hit Object,6.0,4.0,8.0,9.3,1,8,0,0,1.0,0,0,0,0,0,0
Row_140,34790,Hit Object,6.0,4.0,8.0,9.3,1,8,0,0,1.0,0,0,0,0,0,0
Row_141,34971,Hit Object,6.0,4.0,8.0,9.3,1,8,0,0,1.0,0,0,0,0,0,0
Row_142,35062,Hit Object,6.0,4.0,8.0,9.3,1,8,0,0,1.0,0,0,0,0,0,0
Row_143,35153,Hit Object,6.0,4.0,8.0,9.3,1,8,0,0,1.0,0,0,0,0,0,0
Row_144,35335,Hit Object,6.0,4.0,8.0,9.3,5,8,0,0,1.0,0,0,0,0,0,0
Row_145,35517,Hit Object,6.0,4.0,8.0,9.3,1,0,0,0,1.0,0,0,0,0,0,0
Row_146,35699,Hit Object,6.0,4.0,8.0,9.3,1,8,0,0,1.0,0,0,0,0,0,0
Row_147,35880,Hit Object,6.0,4.0,8.0,9.3,1,0,0,0,1.0,0,0,0,0,0,0
Row_148,36062,Hit Object,6.0,4.0,8.0,9.3,1,8,0,0,1.0,0,0,0,0,0,0
Row_149,36152,Hit Object,6.0,4.0,8.0,9.3,1,8,0,0,1.0,0,0,0,0,0,0
Row_150,36243,Hit Object,6.0,4.0,8.0,9.3,1,8,0,0,1.0,0,0,0,0,0,0
Row_151,36426,Hit Object,6.0,4.0,8.0,9.3,1,8,0,0,1.0,0,0,0,0,0,0
Row_152,36516,Hit Object,6.0,4.0,8.0,9.3,1,8,0,0,1.0,0,0,0,0,0,0
Row_153,36607,Hit Object,6.0,4.0,8.0,9.3,1,8,0,0,1.0,0,0,0,0,0,0
Row_154,36790,Hit Object,6.0,4.0,8.0,9.3,5,8,0,0,1.0,0,0,0,0,0,0
Row_155,36971,Hit Object,6.0,4.0,8.0,9.3,1,0,0,0,1.0,0,0,0,0,0,0
Row_156,37153,Hit Object,6.0,4.0,8.0,9.3,1,8,0,0,1.0,0,0,0,0,0,0
Row_157,37335,Hit Object,6.0,4.0,8.0,9.3,1,0,0,0,1.0,0,0,0,0,0,0
Row_158,37517,Hit Object,6.0,4.0,8.0,9.3,5,8,0,0,1.0,0,0,0,0,0,0
Row_159,37699,Hit Object,6.0,4.0,8.0,9.3,1,0,0,0,1.0,0,0,0,0,0,0
Row_160,37880,Hit Object,6.0,4.0,8.0,9.3,1,8,0,0,1.0,0,0,0,0,0,0
Row_161,38062,Hit Object,6.0,4.0,8.0,9.3,1,0,0,0,1.0,0,0,0,0,0,0
Row_162,38244,Timing Point,6.0,4.0,8.0,9.3,0,0,0,0,0,0,0,-105.263157894737,4,0,0
Row_163,38244,Hit Object,6.0,4.0,8.0,9.3,6,0,38334,1,1.0,0,0,0,0,0,0
Row_164,38426,Hit Object,6.0,4.0,8.0,9.3,1,0,0,0,1.0,0,0,0,0,0,0
Row_165,38517,Hit Object,6.0,4.0,8.0,9.3,1,0,0,0,1.0,0,0,0,0,0,0
Row_166,38608,Hit Object,6.0,4.0,8.0,9.3,1,0,0,0,1.0,0,0,0,0,0,0
Row_167,38699,Hit Object,6.0,4.0,8.0,9.3,1,0,0,0,1.0,0,0,0,0,0,0
Row_168,38790,Hit Object,6.0,4.0,8.0,9.3,6,0,38880,1,1.0,0,0,0,0,0,0
Row_169,38972,Hit Object,6.0,4.0,8.0,9.3,2,0,39062,1,1.0,0,0,0,0,0,0
Row_170,39154,Hit Object,6.0,4.0,8.0,9.3,5,0,0,0,1.0,0,0,0,0,0,0
Row_171,39245,Hit Object,6.0,4.0,8.0,9.3,1,0,0,0,1.0,0,0,0,0,0,0
Row_172,39335,Hit Object,6.0,4.0,8.0,9.3,2,0,39516,1,1.0,0,0,0,0,0,0
Row_173,39699,Timing Point,6.0,4.0,8.0,9.3,0,0,0,0,0,0,0,-95.2380952380954,4,0,0
Row_174,39699,Hit Object,6.0,4.0,8.0,9.3,6,0,40244,1,1.0,0,0,0,0,0,0
Row_175,40426,Hit Object,6.0,4.0,8.0,9.3,1,8,0,0,1.0,0,0,0,0,0,0
Row_176,40608,Hit Object,6.0,4.0,8.0,9.3,1,0,0,0,1.0,0,0,0,0,0,0
Row_177,40790,Hit Object,6.0,4.0,8.0,9.3,1,0,0,0,1.0,0,0,0,0,0,0
Row_178,40971,Hit Object,6.0,4.0,8.0,9.3,1,0,0,0,1.0,0,0,0,0,0,0
Row_179,41153,Hit Object,6.0,4.0,8.0,9.3,6,0,41698,1,1.0,0,0,0,0,0,0
Row_180,41880,Hit Object,6.0,4.0,8.0,9.3,1,8,0,0,1.0,0,0,0,0,0,0
Row_181,42062,Hit Object,6.0,4.0,8.0,9.3,1,0,0,0,1.0,0,0,0,0,0,0
Row_182,42244,Hit Object,6.0,4.0,8.0,9.3,1,0,0,0,1.0,0,0,0,0,0,0
Row_183,42426,Hit Object,6.0,4.0,8.0,9.3,1,0,0,0,1.0,0,0,0,0,0,0
Row_184,42608,Hit Object,6.0,4.0,8.0,9.3,6,0,43153,1,1.0,0,0,0,0,0,0
Row_185,43335,Hit Object,6.0,4.0,8.0,9.3,1,8,0,0,1.0,0,0,0,0,0,0
Row_186,43517,Hit Object,6.0,4.0,8.0,9.3,1,0,0,0,1.0,0,0,0,0,0,0
Row_187,43699,Hit Object,6.0,4.0,8.0,9.3,1,0,0,0,1.0,0,0,0,0,0,0
Row_188,43880,Hit Object,6.0,4.0,8.0,9.3,1,0,0,0,1.0,0,0,0,0,0,0
Row_189,44062,Hit Object,6.0,4.0,8.0,9.3,1,0,0,0,1.0,0,0,0,0,0,0
Row_190,44426,Hit Object,6.0,4.0,8.0,9.3,5,2,0,0,1.0,0,0,0,0,0,0
Row_191,44790,Hit Object,6.0,4.0,8.0,9.3,6,0,45335,1,1.0,0,0,0,0,0,0
Row_192,45517,Hit Object,6.0,4.0,8.0,9.3,6,0,45698,1,1.0,0,0,0,0,0,0
Row_193,45880,Hit Object,6.0,4.0,8.0,9.3,1,2,0,0,1.0,0,0,0,0,0,0
Row_194,45971,Hit Object,6.0,4.0,8.0,9.3,1,0,0,0,1.0,0,0,0,0,0,0
Row_195,46062,Hit Object,6.0,4.0,8.0,9.3,1,0,0,0,1.0,0,0,0,0,0,0
Row_196,46244,Hit Object,6.0,4.0,8.0,9.3,1,8,0,0,1.0,0,0,0,0,0,0
Row_197,46426,Hit Object,6.0,4.0,8.0,9.3,1,0,0,0,1.0,0,0,0,0,0,0
Row_198,46608,Hit Object,6.0,4.0,8.0,9.3,1,0,0,0,1.0,0,0,0,0,0,0
Row_199,46790,Hit Object,6.0,4.0,8.0,9.3,1,0,0,0,1.0,0,0,0,0,0,0
Row_200,46971,Hit Object,6.0,4.0,8.0,9.3,6,0,47152,1,1.0,0,0,0,0,0,0
Row_201,47335,Hit Object,6.0,4.0,8.0,9.3,1,2,0,0,1.0,0,0,0,0,0,0
Row_202,47425,Hit Object,6.0,4.0,8.0,9.3,1,0,0,0,1.0,0,0,0,0,0,0
Row_203,47516,Hit Object,6.0,4.0,8.0,9.3,1,0,0,0,1.0,0,0,0,0,0,0
Row_204,47699,Hit Object,6.0,4.0,8.0,9.3,1,8,0,0,1.0,0,0,0,0,0,0
Row_205,47880,Hit Object,6.0,4.0,8.0,9.3,1,0,0,0,1.0,0,0,0,0,0,0
Row_206,48062,Hit Object,6.0,4.0,8.0,9.3,1,0,0,0,1.0,0,0,0,0,0,0
Row_207,48244,Hit Object,6.0,4.0,8.0,9.3,1,0,0,0,1.0,0,0,0,0,0,0
Row_208,48426,Hit Object,6.0,4.0,8.0,9.3,6,0,48607,1,1.0,0,0,0,0,0,0
Row_209,48790,Hit Object,6.0,4.0,8.0,9.3,1,2,0,0,1.0,0,0,0,0,0,0
Row_210,48880,Hit Object,6.0,4.0,8.0,9.3,1,0,0,0,1.0,0,0,0,0,0,0
Row_211,48971,Hit Object,6.0,4.0,8.0,9.3,1,0,0,0,1.0,0,0,0,0,0,0
Row_212,49153,Hit Object,6.0,4.0,8.0,9.3,2,0,49516,1,1.0,0,0,0,0,0,0
Row_213,49699,Hit Object,6.0,4.0,8.0,9.3,5,0,0,0,1.0,0,0,0,0,0,0
Row_214,49880,Hit Object,6.0,4.0,8.0,9.3,1,0,0,0,1.0,0,0,0,0,0,0
Row_215,50062,Hit Object,6.0,4.0,8.0,9.3,1,8,0,0,1.0,0,0,0,0,0,0
Row_216,50426,Hit Object,6.0,4.0,8.0,9.3,5,0,0,0,1.0,0,0,0,0,0,0
Row_217,50608,Hit Object,6.0,4.0,8.0,9.3,1,8,0,0,1.0,0,0,0,0,0,0
Row_218,50790,Hit Object,6.0,4.0,8.0,9.3,1,0,0,0,1.0,0,0,0,0,0,0
Row_219,51153,Hit Object,6.0,4.0,8.0,9.3,1,0,0,0,1.0,0,0,0,0,0,0
Row_220,51335,Hit Object,6.0,4.0,8.0,9.3,6,0,51880,1,1.0,0,0,0,0,0,0
Row_221,52062,Hit Object,6.0,4.0,8.0,9.3,1,8,0,0,1.0,0,0,0,0,0,0
Row_222,52244,Hit Object,6.0,4.0,8.0,9.3,1,0,0,0,1.0,0,0,0,0,0,0
Row_223,52426,Hit Object,6.0,4.0,8.0,9.3,1,0,0,0,1.0,0,0,0,0,0,0
Row_224,52608,Hit Object,6.0,4.0,8.0,9.3,1,0,0,0,1.0,0,0,0,0,0,0
Row_225,52790,Hit Object,6.0,4.0,8.0,9.3,6,0,53335,1,1.0,0,0,0,0,0,0
Row_226,53517,Hit Object,6.0,4.0,8.0,9.3,1,8,0,0,1.0,0,0,0,0,0,0
Row_227,53699,Hit Object,6.0,4.0,8.0,9.3,1,0,0,0,1.0,0,0,0,0,0,0
Row_228,53880,Hit Object,6.0,4.0,8.0,9.3,1,0,0,0,1.0,0,0,0,0,0,0
Row_229,54062,Hit Object,6.0,4.0,8.0,9.3,1,0,0,0,1.0,0,0,0,0,0,0
Row_230,54244,Hit Object,6.0,4.0,8.0,9.3,6,0,54789,1,1.0,0,0,0,0,0,0
Row_231,54971,Hit Object,6.0,4.0,8.0,9.3,1,8,0,0,1.0,0,0,0,0,0,0
Row_232,55153,Hit Object,6.0,4.0,8.0,9.3,1,0,0,0,1.0,0,0,0,0,0,0
Row_233,55335,Hit Object,6.0,4.0,8.0,9.3,1,0,0,0,1.0,0,0,0,0,0,0
Row_234,55517,Hit Object,6.0,4.0,8.0,9.3,1,0,0,0,1.0,0,0,0,0,0,0
Row_235,55699,Hit Object,6.0,4.0,8.0,9.3,1,0,0,0,1.0,0,0,0,0,0,0
Row_236,56062,Hit Object,6.0,4.0,8.0,9.3,6,0,56334,1,1.0,0,0,0,0,0,0
Row_237,56426,Timing Point,6.0,4.0,8.0,9.3,0,0,0,0,0,0,0,-117.647058823529,4,0,0
Row_238,56426,Hit Object,6.0,4.0,8.0,9.3,2,0,56971,1,1.0,0,0,0,0,0,0
Row_239,57153,Timing Point,6.0,4.0,8.0,9.3,0,0,0,0,0,0,0,-95.2380952380954,4,0,0
Row_240,57153,Hit Object,6.0,4.0,8.0,9.3,6,0,57334,1,1.0,0,0,0,0,0,0
Row_241,57517,Hit Object,6.0,4.0,8.0,9.3,1,2,0,0,1.0,0,0,0,0,0,0
Row_242,57608,Hit Object,6.0,4.0,8.0,9.3,1,0,0,0,1.0,0,0,0,0,0,0
Row_243,57699,Hit Object,6.0,4.0,8.0,9.3,1,0,0,0,1.0,0,0,0,0,0,0
Row_244,57880,Hit Object,6.0,4.0,8.0,9.3,1,8,0,0,1.0,0,0,0,0,0,0
Row_245,58062,Hit Object,6.0,4.0,8.0,9.3,1,0,0,0,1.0,0,0,0,0,0,0
Row_246,58244,Hit Object,6.0,4.0,8.0,9.3,1,0,0,0,1.0,0,0,0,0,0,0
Row_247,58426,Hit Object,6.0,4.0,8.0,9.3,1,0,0,0,1.0,0,0,0,0,0,0
Row_248,58608,Hit Object,6.0,4.0,8.0,9.3,6,0,58789,1,1.0,0,0,0,0,0,0
Row_249,58972,Hit Object,6.0,4.0,8.0,9.3,1,2,0,0,1.0,0,0,0,0,0,0
Row_250,59063,Hit Object,6.0,4.0,8.0,9.3,1,0,0,0,1.0,0,0,0,0,0,0
Row_251,59153,Hit Object,6.0,4.0,8.0,9.3,1,0,0,0,1.0,0,0,0,0,0,0
Row_252,59335,Hit Object,6.0,4.0,8.0,9.3,1,8,0,0,1.0,0,0,0,0,0,0
Row_253,59517,Hit Object,6.0,4.0,8.0,9.3,1,0,0,0,1.0,0,0,0,0,0,0
Row_254,59699,Hit Object,6.0,4.0,8.0,9.3,1,0,0,0,1.0,0,0,0,0,0,0
Row_255,59880,Hit Object,6.0,4.0,8.0,9.3,1,0,0,0,1.0,0,0,0,0,0,0
Row_256,60062,Hit Object,6.0,4.0,8.0,9.3,6,0,60243,1,1.0,0,0,0,0,0,0
Row_257,60426,Hit Object,6.0,4.0,8.0,9.3,2,0,60607,1,1.0,0,0,0,0,0,0
Row_258,60790,Timing Point,6.0,4.0,8.0,9.3,0,0,0,0,0,0,0,-142.857142857143,4,0,0
Row_259,60790,Hit Object,6.0,4.0,8.0,9.3,2,0,61335,1,1.0,0,0,0,0,0,0
Row_260,61335,Timing Point,6.0,4.0,8.0,9.3,0,0,0,0,0,0,0,-142.857142857143,4,0,0
Row_261,61517,Timing Point,6.0,4.0,8.0,9.3,0,0,0,0,0,0,0,-95.2380952380954,4,0,0
Row_262,61517,Hit Object,6.0,4.0,8.0,9.3,21,0,0,0,1.0,0,0,0,0,0,0
Row_263,61699,Timing Point,6.0,4.0,8.0,9.3,0,0,0,0,0,0,0,-95.2380952380954,4,0,0
Row_264,61699,Hit Object,6.0,4.0,8.0,9.3,1,0,0,0,1.0,0,0,0,0,0,0
Row_265,61880,Timing Point,6.0,4.0,8.0,9.3,0,0,0,0,0,0,0,-95.2380952380954,4,0,0
Row_266,61880,Hit Object,6.0,4.0,8.0,9.3,37,0,0,0,1.0,0,0,0,0,0,0
Row_267,62062,Timing Point,6.0,4.0,8.0,9.3,0,0,0,0,0,0,0,-95.2380952380954,4,0,0
Row_268,62062,Hit Object,6.0,4.0,8.0,9.3,1,0,0,0,1.0,0,0,0,0,0,0
Row_269,62244,Timing Point,6.0,4.0,8.0,9.3,0,0,0,0,0,0,0,-95.2380952380954,4,0,0
Row_270,62244,Hit Object,6.0,4.0,8.0,9.3,21,0,0,0,1.0,0,0,0,0,0,0
Row_271,62426,Hit Object,6.0,4.0,8.0,9.3,1,0,0,0,1.0,0,0,0,0,0,0
Row_272,62608,Timing Point,6.0,4.0,8.0,9.3,0,0,0,0,0,0,0,-95.2380952380954,4,0,0
Row_273,62608,Hit Object,6.0,4.0,8.0,9.3,21,0,0,0,1.0,0,0,0,0,0,0
Row_274,62790,Timing Point,6.0,4.0,8.0,9.3,0,0,0,0,0,0,0,-95.2380952380954,4,0,0
Row_275,62790,Hit Object,6.0,4.0,8.0,9.3,1,0,0,0,1.0,0,0,0,0,0,0
Row_276,62971,Timing Point,6.0,4.0,8.0,9.3,0,0,0,0,0,0,0,-100.0,4,1,0
Row_277,62971,Hit Object,6.0,4.0,8.0,9.3,6,0,63516,1,1.0,0,0,0,0,0,0
Row_278,63699,Hit Object,6.0,4.0,8.0,9.3,2,0,64244,1,1.0,0,0,0,0,0,0
Row_279,64426,Hit Object,6.0,4.0,8.0,9.3,6,0,64971,1,1.0,0,0,0,0,0,0
Row_280,65153,Hit Object,6.0,4.0,8.0,9.3,2,0,65698,1,1.0,0,0,0,0,0,0
Row_281,65880,Hit Object,6.0,4.0,8.0,9.3,6,0,66425,1,1.0,0,0,0,0,0,0
Row_282,66608,Hit Object,6.0,4.0,8.0,9.3,2,0,67153,1,1.0,0,0,0,0,0,0
Row_283,67335,Hit Object,6.0,4.0,8.0,9.3,6,0,67516,1,1.0,0,0,0,0,0,0
Row_284,67699,Hit Object,6.0,4.0,8.0,9.3,1,0,0,0,1.0,0,0,0,0,0,0
Row_285,68062,Hit Object,6.0,4.0,8.0,9.3,2,0,68607,1,1.0,0,0,0,0,0,0
Row_286,68790,Hit Object,6.0,4.0,8.0,9.3,6,0,69335,1,1.0,0,0,0,0,0,0
Row_287,69517,Hit Object,6.0,4.0,8.0,9.3,2,0,70062,1,1.0,0,0,0,0,0,0
Row_288,70244,Hit Object,6.0,4.0,8.0,9.3,6,0,70789,1,1.0,0,0,0,0,0,0
Row_289,70971,Hit Object,6.0,4.0,8.0,9.3,2,0,71516,1,1.0,0,0,0,0,0,0
Row_290,71699,Hit Object,6.0,4.0,8.0,9.3,6,0,72244,1,1.0,0,0,0,0,0,0
Row_291,72426,Hit Object,6.0,4.0,8.0,9.3,2,0,72971,1,1.0,0,0,0,0,0,0
Row_292,73153,Hit Object,6.0,4.0,8.0,9.3,5,0,0,0,1.0,0,0,0,0,0,0
Row_293,73335,Hit Object,6.0,4.0,8.0,9.3,1,8,0,0,1.0,0,0,0,0,0,0
Row_294,73517,Hit Object,6.0,4.0,8.0,9.3,1,0,0,0,1.0,0,0,0,0,0,0
Row_295,73699,Hit Object,6.0,4.0,8.0,9.3,1,0,0,0,1.0,0,0,0,0,0,0
Row_296,73880,Hit Object,6.0,4.0,8.0,9.3,5,8,0,0,1.0,0,0,0,0,0,0
Row_297,74062,Hit Object,6.0,4.0,8.0,9.3,1,0,0,0,1.0,0,0,0,0,0,0
Row_298,74244,Hit Object,6.0,4.0,8.0,9.3,1,8,0,0,1.0,0,0,0,0,0,0
Row_299,74426,Hit Object,6.0,4.0,8.0,9.3,1,0,0,0,1.0,0,0,0,0,0,0
Row_300,74517,Timing Point,6.0,4.0,8.0,9.3,0,0,0,0,0,0,0,-100.0,4,0,0
Row_301,74608,Timing Point,6.0,4.0,8.0,9.3,0,0,0,0,0,0,0,-100.0,4,1,0
Row_302,74608,Hit Object,6.0,4.0,8.0,9.3,6,0,75153,1,1.0,0,0,0,0,0,0
Row_303,75335,Hit Object,6.0,4.0,8.0,9.3,2,0,75880,1,1.0,0,0,0,0,0,0
Row_304,76062,Hit Object,6.0,4.0,8.0,9.3,6,0,76607,1,1.0,0,0,0,0,0,0
Row_305,76790,Hit Object,6.0,4.0,8.0,9.3,2,0,77335,1,1.0,0,0,0,0,0,0
Row_306,77517,Hit Object,6.0,4.0,8.0,9.3,6,0,78062,1,1.0,0,0,0,0,0,0
Row_307,78244,Hit Object,6.0,4.0,8.0,9.3,2,0,78789,1,1.0,0,0,0,0,0,0
Row_308,78971,Hit Object,6.0,4.0,8.0,9.3,6,0,79152,1,1.0,0,0,0,0,0,0
Row_309,79335,Hit Object,6.0,4.0,8.0,9.3,1,0,0,0,1.0,0,0,0,0,0,0
Row_310,79699,Hit Object,6.0,4.0,8.0,9.3,2,0,80244,1,1.0,0,0,0,0,0,0
Row_311,80426,Hit Object,6.0,4.0,8.0,9.3,6,0,80971,1,1.0,0,0,0,0,0,0
Row_312,81153,Hit Object,6.0,4.0,8.0,9.3,2,0,81698,1,1.0,0,0,0,0,0,0
Row_313,81880,Hit Object,6.0,4.0,8.0,9.3,6,0,82425,1,1.0,0,0,0,0,0,0
Row_314,82608,Hit Object,6.0,4.0,8.0,9.3,2,0,83153,1,1.0,0,0,0,0,0,0
Row_315,83335,Hit Object,6.0,4.0,8.0,9.3,6,0,83880,1,1.0,0,0,0,0,0,0
Row_316,84062,Hit Object,6.0,4.0,8.0,9.3,2,0,84607,1,1.0,0,0,0,0,0,0
Row_317,84790,Hit Object,6.0,4.0,8.0,9.3,5,0,0,0,1.0,0,0,0,0,0,0
Row_318,84971,Hit Object,6.0,4.0,8.0,9.3,1,8,0,0,1.0,0,0,0,0,0,0
Row_319,85153,Hit Object,6.0,4.0,8.0,9.3,1,0,0,0,1.0,0,0,0,0,0,0
Row_320,85335,Hit Object,6.0,4.0,8.0,9.3,1,0,0,0,1.0,0,0,0,0,0,0
Row_321,85517,Hit Object,6.0,4.0,8.0,9.3,5,8,0,0,1.0,0,0,0,0,0,0
Row_322,85699,Hit Object,6.0,4.0,8.0,9.3,1,0,0,0,1.0,0,0,0,0,0,0
Row_323,85880,Hit Object,6.0,4.0,8.0,9.3,1,0,0,0,1.0,0,0,0,0,0,0
Row_324,86062,Hit Object,6.0,4.0,8.0,9.3,1,0,0,0,1.0,0,0,0,0,0,0
Row_325,86244,Timing Point,6.0,4.0,8.0,9.3,0,0,0,0,0,0,0,-117.647058823529,4,0,0
Row_326,86244,Hit Object,6.0,4.0,8.0,9.3,6,0,86607,1,1.0,0,0,0,0,0,0
Row_327,86790,Hit Object,6.0,4.0,8.0,9.3,1,0,0,0,1.0,0,0,0,0,0,0
Row_328,86971,Hit Object,6.0,4.0,8.0,9.3,2,0,87152,1,1.0,0,0,0,0,0,0
Row_329,87335,Hit Object,6.0,4.0,8.0,9.3,5,0,0,0,1.0,0,0,0,0,0,0
Row_330,87517,Hit Object,6.0,4.0,8.0,9.3,1,0,0,0,1.0,0,0,0,0,0,0
Row_331,87699,Hit Object,6.0,4.0,8.0,9.3,1,2,0,0,1.0,0,0,0,0,0,0
Row_332,87880,Hit Object,6.0,4.0,8.0,9.3,1,0,0,0,1.0,0,0,0,0,0,0
Row_333,88062,Hit Object,6.0,4.0,8.0,9.3,1,2,0,0,1.0,0,0,0,0,0,0
Row_334,88426,Hit Object,6.0,4.0,8.0,9.3,5,10,0,0,1.0,0,0,0,0,0,0
Row_335,88608,Hit Object,6.0,4.0,8.0,9.3,1,0,0,0,1.0,0,0,0,0,0,0
Row_336,88790,Hit Object,6.0,4.0,8.0,9.3,1,2,0,0,1.0,0,0,0,0,0,0
Row_337,89153,Hit Object,6.0,4.0,8.0,9.3,6,0,89516,1,1.0,0,0,0,0,0,0
Row_338,89699,Hit Object,6.0,4.0,8.0,9.3,1,0,0,0,1.0,0,0,0,0,0,0
Row_339,89880,Hit Object,6.0,4.0,8.0,9.3,2,0,90061,1,1.0,0,0,0,0,0,0
Row_340,90244,Hit Object,6.0,4.0,8.0,9.3,1,2,0,0,1.0,0,0,0,0,0,0
Row_341,90426,Hit Object,6.0,4.0,8.0,9.3,1,0,0,0,1.0,0,0,0,0,0,0
Row_342,90608,Hit Object,6.0,4.0,8.0,9.3,1,2,0,0,1.0,0,0,0,0,0,0
Row_343,90790,Hit Object,6.0,4.0,8.0,9.3,1,0,0,0,1.0,0,0,0,0,0,0
Row_344,90971,Hit Object,6.0,4.0,8.0,9.3,5,2,0,0,1.0,0,0,0,0,0,0
Row_345,91153,Hit Object,6.0,4.0,8.0,9.3,1,0,0,0,1.0,0,0,0,0,0,0
Row_346,91335,Hit Object,6.0,4.0,8.0,9.3,1,10,0,0,1.0,0,0,0,0,0,0
Row_347,91517,Hit Object,6.0,4.0,8.0,9.3,1,0,0,0,1.0,0,0,0,0,0,0
Row_348,91699,Hit Object,6.0,4.0,8.0,9.3,1,2,0,0,1.0,0,0,0,0,0,0
Row_349,92062,Hit Object,6.0,4.0,8.0,9.3,6,0,92425,1,1.0,0,0,0,0,0,0
Row_350,92608,Hit Object,6.0,4.0,8.0,9.3,1,0,0,0,1.0,0,0,0,0,0,0
Row_351,92790,Hit Object,6.0,4.0,8.0,9.3,2,0,92971,1,1.0,0,0,0,0,0,0
Row_352,93153,Hit Object,6.0,4.0,8.0,9.3,2,0,93334,1,1.0,0,0,0,0,0,0
Row_353,93517,Hit Object,6.0,4.0,8.0,9.3,1,2,0,0,1.0,0,0,0,0,0,0
Row_354,93699,Hit Object,6.0,4.0,8.0,9.3,1,0,0,0,1.0,0,0,0,0,0,0
Row_355,93880,Hit Object,6.0,4.0,8.0,9.3,1,2,0,0,1.0,0,0,0,0,0,0
Row_356,94244,Hit Object,6.0,4.0,8.0,9.3,5,10,0,0,1.0,0,0,0,0,0,0
Row_357,94425,Hit Object,6.0,4.0,8.0,9.3,1,0,0,0,1.0,0,0,0,0,0,0
Row_358,94607,Hit Object,6.0,4.0,8.0,9.3,1,2,0,0,1.0,0,0,0,0,0,0
Row_359,94971,Hit Object,6.0,4.0,8.0,9.3,5,2,0,0,1.0,0,0,0,0,0,0
Row_360,95153,Hit Object,6.0,4.0,8.0,9.3,1,0,0,0,1.0,0,0,0,0,0,0
Row_361,95335,Hit Object,6.0,4.0,8.0,9.3,1,2,0,0,1.0,0,0,0,0,0,0
Row_362,95699,Hit Object,6.0,4.0,8.0,9.3,21,10,0,0,1.0,0,0,0,0,0,0
Row_363,95880,Hit Object,6.0,4.0,8.0,9.3,1,0,0,0,1.0,0,0,0,0,0,0
Row_364,96062,Hit Object,6.0,4.0,8.0,9.3,1,2,0,0,1.0,0,0,0,0,0,0
Row_365,96244,Hit Object,6.0,4.0,8.0,9.3,1,0,0,0,1.0,0,0,0,0,0,0
Row_366,96427,Hit Object,6.0,4.0,8.0,9.3,1,0,0,0,1.0,0,0,0,0,0,0
Row_367,96608,Hit Object,6.0,4.0,8.0,9.3,1,0,0,0,1.0,0,0,0,0,0,0
Row_368,96790,Hit Object,6.0,4.0,8.0,9.3,1,2,0,0,1.0,0,0,0,0,0,0
Row_369,96972,Hit Object,6.0,4.0,8.0,9.3,1,0,0,0,1.0,0,0,0,0,0,0
Row_370,97153,Hit Object,6.0,4.0,8.0,9.3,1,8,0,0,1.0,0,0,0,0,0,0
Row_371,97335,Hit Object,6.0,4.0,8.0,9.3,5,0,0,0,1.0,0,0,0,0,0,0
Row_372,97699,Hit Object,6.0,4.0,8.0,9.3,5,0,0,0,1.0,0,0,0,0,0,0
Row_373,97880,Timing Point,6.0,4.0,8.0,9.3,0,0,0,0,0,0,0,-133.333333333333,4,0,0
